{
  "initial_capital": 100000.0,
  "available_capital": 99877.5,
  "used_capital": 0,
  "realized_pnl": -122.50000000000001,
  "unrealized_pnl": 0,
  "total_pnl": -122.50000000000001,
  "daily_pnl": -122.50000000000001,
  "daily_loss_limit": 10000.0,
  "risk_per_trade": 5000.0,
  "risk_used_pct": 0.0
}